Model,cv_score,rmse,Submission,Features,Transformations,Estimators,Hyperparameters
Voting model,534.5,529.8,538,"['cut', 'color', 'clarity', 'city', 'carat', 'depth', 'table', 'x', 'y', 'z', 'price', 'shape']","['encoding', 'drop_zeros', 'remove_outliers', 'remove_duplicates']","['lgbm', 'xgb', 'extrees', 'rf']",{}
RF,563.6,541.8,597,"['cut', 'color', 'clarity', 'city', 'depth', 'table', 'carat_log', 'x_log', 'y_log', 'z_log', 'ratio_length_width', 'ratio_length_width_depth', 'volume', 'density', 'price']","['encoding', 'drop_zeros', 'remove_outliers', 'remove_duplicates']",[None],"{'bootstrap': True, 'ccp_alpha': 0.0, 'criterion': 'squared_error', 'max_depth': None, 'max_features': 1.0, 'max_leaf_nodes': None, 'max_samples': None, 'min_impurity_decrease': 0.0, 'min_samples_leaf': 1, 'min_samples_split': 2, 'min_weight_fraction_leaf': 0.0, 'monotonic_cst': None, 'n_estimators': 500, 'n_jobs': -1, 'oob_score': False, 'random_state': 42, 'verbose': 0, 'warm_start': False}"
RF,563.1,541.9,597,"['cut', 'color', 'clarity', 'city', 'depth', 'table', 'carat_log', 'x_log', 'y_log', 'z_log', 'ratio_length_width', 'ratio_length_width_depth', 'volume', 'density', 'price']","['encoding', 'drop_zeros', 'remove_outliers', 'remove_duplicates']",[None],"{'bootstrap': True, 'ccp_alpha': 0.0, 'criterion': 'squared_error', 'max_depth': None, 'max_features': 1.0, 'max_leaf_nodes': None, 'max_samples': None, 'min_impurity_decrease': 0.0, 'min_samples_leaf': 1, 'min_samples_split': 2, 'min_weight_fraction_leaf': 0.0, 'monotonic_cst': None, 'n_estimators': 500, 'n_jobs': -1, 'oob_score': False, 'random_state': 42, 'verbose': 0, 'warm_start': False}"
RF,568.2,545.7,0,"['cut', 'color', 'clarity', 'city', 'depth', 'table', 'x', 'y', 'z', 'carat_log', 'ratio_length_width', 'ratio_length_width_depth', 'volume', 'density', 'price']","['encoding', 'drop_zeros', 'remove_outliers', 'remove_duplicates']",[None],"{'bootstrap': True, 'ccp_alpha': 0.0, 'criterion': 'squared_error', 'max_depth': None, 'max_features': 1.0, 'max_leaf_nodes': None, 'max_samples': None, 'min_impurity_decrease': 0.0, 'min_samples_leaf': 1, 'min_samples_split': 2, 'min_weight_fraction_leaf': 0.0, 'monotonic_cst': None, 'n_estimators': 500, 'n_jobs': -1, 'oob_score': False, 'random_state': 42, 'verbose': 0, 'warm_start': False}"
RF,578.5,552.8,552,"['cut', 'color', 'clarity', 'carat_log', 'depth', 'table', 'price']","['encoding', 'imputation', 'remove_outliers', 'remove_duplicates']",[None],"{'bootstrap': True, 'ccp_alpha': 0.0, 'criterion': 'squared_error', 'max_depth': None, 'max_features': 1.0, 'max_leaf_nodes': None, 'max_samples': None, 'min_impurity_decrease': 0.0, 'min_samples_leaf': 1, 'min_samples_split': 2, 'min_weight_fraction_leaf': 0.0, 'monotonic_cst': None, 'n_estimators': 500, 'n_jobs': -1, 'oob_score': False, 'random_state': 42, 'verbose': 0, 'warm_start': False}"
RF,570.0,552.9,543,"['cut', 'color', 'clarity', 'city', 'carat', 'depth', 'table', 'x', 'y', 'z', 'price']","['encoding', 'drop_zeros', 'remove_outliers', 'remove_duplicates']",[None],"{'bootstrap': True, 'ccp_alpha': 0.0, 'criterion': 'squared_error', 'max_depth': None, 'max_features': 1.0, 'max_leaf_nodes': None, 'max_samples': None, 'min_impurity_decrease': 0.0, 'min_samples_leaf': 1, 'min_samples_split': 2, 'min_weight_fraction_leaf': 0.0, 'monotonic_cst': None, 'n_estimators': 500, 'n_jobs': -1, 'oob_score': False, 'random_state': 42, 'verbose': 0, 'warm_start': False}"
RF,569.6,553.1,0,"['cut', 'color', 'clarity', 'city', 'carat', 'depth', 'table', 'x', 'y', 'z', 'price']","['encoding', 'drop_zeros', 'remove_outliers', 'remove_duplicates']",[None],"{'bootstrap': True, 'ccp_alpha': 0.0, 'criterion': 'squared_error', 'max_depth': None, 'max_features': 1.0, 'max_leaf_nodes': None, 'max_samples': None, 'min_impurity_decrease': 0.0, 'min_samples_leaf': 1, 'min_samples_split': 2, 'min_weight_fraction_leaf': 0.0, 'monotonic_cst': None, 'n_estimators': 600, 'n_jobs': -1, 'oob_score': False, 'random_state': 42, 'verbose': 0, 'warm_start': False}"
RF,570.3,553.2,0,"['cut', 'color', 'clarity', 'city', 'carat', 'depth', 'table', 'x', 'y', 'z', 'price']","['encoding', 'drop_zeros', 'remove_outliers', 'remove_duplicates']",[None],"{'bootstrap': True, 'ccp_alpha': 0.0, 'criterion': 'squared_error', 'max_depth': None, 'max_features': 1.0, 'max_leaf_nodes': None, 'max_samples': None, 'min_impurity_decrease': 0.0, 'min_samples_leaf': 1, 'min_samples_split': 2, 'min_weight_fraction_leaf': 0.0, 'monotonic_cst': None, 'n_estimators': 300, 'n_jobs': -1, 'oob_score': False, 'random_state': 42, 'verbose': 0, 'warm_start': False}"
RF,570.3,553.3,0,"['cut', 'color', 'clarity', 'city', 'depth', 'table', 'x', 'y', 'z', 'carat_log', 'price']","['encoding', 'drop_zeros', 'remove_outliers', 'remove_duplicates']",[None],"{'bootstrap': True, 'ccp_alpha': 0.0, 'criterion': 'squared_error', 'max_depth': None, 'max_features': 1.0, 'max_leaf_nodes': None, 'max_samples': None, 'min_impurity_decrease': 0.0, 'min_samples_leaf': 1, 'min_samples_split': 2, 'min_weight_fraction_leaf': 0.0, 'monotonic_cst': None, 'n_estimators': 500, 'n_jobs': -1, 'oob_score': False, 'random_state': 42, 'verbose': 0, 'warm_start': False}"
RF,570.2,553.4,0,"['cut', 'color', 'clarity', 'city', 'depth', 'table', 'x', 'y', 'z', 'carat_log', 'price']","['encoding', 'drop_zeros', 'remove_outliers', 'remove_duplicates']",[None],"{'bootstrap': True, 'ccp_alpha': 0.0, 'criterion': 'squared_error', 'max_depth': None, 'max_features': 1.0, 'max_leaf_nodes': None, 'max_samples': None, 'min_impurity_decrease': 0.0, 'min_samples_leaf': 1, 'min_samples_split': 2, 'min_weight_fraction_leaf': 0.0, 'monotonic_cst': None, 'n_estimators': 500, 'n_jobs': -1, 'oob_score': False, 'random_state': 42, 'verbose': 0, 'warm_start': False}"
RF,569.5,553.6,0,"['cut', 'color', 'clarity', 'city', 'depth', 'table', 'x', 'y', 'z', 'carat_log', 'price']","['encoding', 'drop_zeros', 'remove_outliers', 'remove_duplicates']",[None],"{'bootstrap': True, 'ccp_alpha': 0.0, 'criterion': 'squared_error', 'max_depth': None, 'max_features': None, 'max_leaf_nodes': None, 'max_samples': None, 'min_impurity_decrease': 0.0, 'min_samples_leaf': 1, 'min_samples_split': 2, 'min_weight_fraction_leaf': 0.0, 'monotonic_cst': None, 'n_estimators': 1500, 'n_jobs': -1, 'oob_score': False, 'random_state': 42, 'verbose': 0, 'warm_start': False}"
RF,573.2,553.7,0,"['cut', 'color', 'clarity', 'city', 'carat', 'depth', 'table', 'x', 'y', 'z', 'price']","['encoding', 'drop_zeros', 'remove_outliers', 'remove_duplicates']",[None],"{'bootstrap': True, 'ccp_alpha': 0.0, 'criterion': 'squared_error', 'max_depth': None, 'max_features': 1.0, 'max_leaf_nodes': None, 'max_samples': None, 'min_impurity_decrease': 0.0, 'min_samples_leaf': 1, 'min_samples_split': 2, 'min_weight_fraction_leaf': 0.0, 'monotonic_cst': None, 'n_estimators': 100, 'n_jobs': -1, 'oob_score': False, 'random_state': 42, 'verbose': 0, 'warm_start': False}"
RF,574.2,554.4,0,"['cut', 'color', 'clarity', 'city', 'carat', 'depth', 'table', 'x', 'y', 'z', 'price']","['encoding', 'drop_zeros', 'remove_outliers', 'remove_duplicates']",[None],"{'bootstrap': True, 'ccp_alpha': 0.0, 'criterion': 'squared_error', 'max_depth': None, 'max_features': 1.0, 'max_leaf_nodes': None, 'max_samples': None, 'min_impurity_decrease': 0.0, 'min_samples_leaf': 1, 'min_samples_split': 2, 'min_weight_fraction_leaf': 0.0, 'monotonic_cst': None, 'n_estimators': 100, 'n_jobs': -1, 'oob_score': False, 'random_state': 42, 'verbose': 0, 'warm_start': False}"
RF,570.1,554.7,542,"['cut', 'color', 'clarity', 'city', 'carat', 'depth', 'table', 'x', 'y', 'z', 'price', 'shape']","['encoding', 'drop_zeros', 'remove_outliers', 'remove_duplicates']",[None],"{'bootstrap': True, 'ccp_alpha': 0.0, 'criterion': 'squared_error', 'max_depth': None, 'max_features': 1.0, 'max_leaf_nodes': None, 'max_samples': None, 'min_impurity_decrease': 0.0, 'min_samples_leaf': 1, 'min_samples_split': 2, 'min_weight_fraction_leaf': 0.0, 'monotonic_cst': None, 'n_estimators': 500, 'n_jobs': -1, 'oob_score': False, 'random_state': 42, 'verbose': 0, 'warm_start': False}"
RF,570.1,554.7,542,"['cut', 'color', 'clarity', 'city', 'carat', 'depth', 'table', 'x', 'y', 'z', 'price', 'shape']","['encoding', 'drop_zeros', 'remove_outliers', 'remove_duplicates']",[None],"{'bootstrap': True, 'ccp_alpha': 0.0, 'criterion': 'squared_error', 'max_depth': None, 'max_features': None, 'max_leaf_nodes': None, 'max_samples': None, 'min_impurity_decrease': 0.0, 'min_samples_leaf': 1, 'min_samples_split': 2, 'min_weight_fraction_leaf': 0.0, 'monotonic_cst': None, 'n_estimators': 500, 'n_jobs': -1, 'oob_score': False, 'random_state': 42, 'verbose': 0, 'warm_start': False}"
RF,568.2,555.2,0,"['cut', 'color', 'clarity', 'city', 'carat', 'depth', 'table', 'x', 'y', 'z', 'price']","['encoding', 'drop_zeros', 'remove_outliers', 'remove_duplicates']",[None],"{'bootstrap': True, 'ccp_alpha': 0.0, 'criterion': 'squared_error', 'max_depth': None, 'max_features': 1.0, 'max_leaf_nodes': None, 'max_samples': None, 'min_impurity_decrease': 0.0, 'min_samples_leaf': 1, 'min_samples_split': 2, 'min_weight_fraction_leaf': 0.0, 'monotonic_cst': None, 'n_estimators': 400, 'n_jobs': -1, 'oob_score': False, 'random_state': 42, 'verbose': 0, 'warm_start': False}"
RF,571.1,555.2,0,"['cut', 'color', 'clarity', 'city', 'carat', 'table', 'x', 'y', 'z', 'carat_log', 'price']","['encoding', 'drop_zeros', 'remove_outliers', 'remove_duplicates']",[None],"{'bootstrap': True, 'ccp_alpha': 0.0, 'criterion': 'squared_error', 'max_depth': None, 'max_features': 1.0, 'max_leaf_nodes': None, 'max_samples': None, 'min_impurity_decrease': 0.0, 'min_samples_leaf': 1, 'min_samples_split': 2, 'min_weight_fraction_leaf': 0.0, 'monotonic_cst': None, 'n_estimators': 500, 'n_jobs': -1, 'oob_score': False, 'random_state': 42, 'verbose': 0, 'warm_start': False}"
RF,570.9,555.6,0,"['cut', 'color', 'clarity', 'city', 'carat_log', 'table', 'x', 'y', 'z', 'price']","['encoding', 'drop_zeros', 'remove_outliers', 'remove_duplicates']",[None],"{'bootstrap': True, 'ccp_alpha': 0.0, 'criterion': 'squared_error', 'max_depth': None, 'max_features': 1.0, 'max_leaf_nodes': None, 'max_samples': None, 'min_impurity_decrease': 0.0, 'min_samples_leaf': 1, 'min_samples_split': 2, 'min_weight_fraction_leaf': 0.0, 'monotonic_cst': None, 'n_estimators': 500, 'n_jobs': -1, 'oob_score': False, 'random_state': 42, 'verbose': 0, 'warm_start': False}"
RF,567.5,555.7,0,"['cut', 'color', 'clarity', 'city', 'carat', 'depth', 'x', 'y', 'z', 'avg_girdle', 'table_mm', 'xyz', 'price']","['encoding', 'drop_zeros', 'remove_outliers', 'remove_duplicates']",[None],"{'bootstrap': True, 'ccp_alpha': 0.0, 'criterion': 'squared_error', 'max_depth': None, 'max_features': 1.0, 'max_leaf_nodes': None, 'max_samples': None, 'min_impurity_decrease': 0.0, 'min_samples_leaf': 1, 'min_samples_split': 2, 'min_weight_fraction_leaf': 0.0, 'monotonic_cst': None, 'n_estimators': 500, 'n_jobs': -1, 'oob_score': False, 'random_state': 42, 'verbose': 0, 'warm_start': False}"
RF,569.9,556.4,0,"['cut', 'color', 'clarity', 'carat_log', 'table', 'x', 'y', 'z', 'price']","['encoding', 'drop_zeros', 'remove_outliers', 'remove_duplicates']",[None],"{'bootstrap': True, 'ccp_alpha': 0.0, 'criterion': 'squared_error', 'max_depth': None, 'max_features': 1.0, 'max_leaf_nodes': None, 'max_samples': None, 'min_impurity_decrease': 0.0, 'min_samples_leaf': 1, 'min_samples_split': 2, 'min_weight_fraction_leaf': 0.0, 'monotonic_cst': None, 'n_estimators': 500, 'n_jobs': -1, 'oob_score': False, 'random_state': 42, 'verbose': 0, 'warm_start': False}"
RF,570.4,556.0,0,"['cut', 'color', 'clarity', 'city', 'carat', 'depth', 'x', 'y', 'z', 'table_mm', 'price']","['encoding', 'drop_zeros', 'remove_outliers', 'remove_duplicates']",[None],"{'bootstrap': True, 'ccp_alpha': 0.0, 'criterion': 'squared_error', 'max_depth': None, 'max_features': 1.0, 'max_leaf_nodes': None, 'max_samples': None, 'min_impurity_decrease': 0.0, 'min_samples_leaf': 1, 'min_samples_split': 2, 'min_weight_fraction_leaf': 0.0, 'monotonic_cst': None, 'n_estimators': 500, 'n_jobs': -1, 'oob_score': False, 'random_state': 42, 'verbose': 0, 'warm_start': False}"
RF,569.6,556.1,0,"['cut', 'color', 'clarity', 'city', 'carat', 'depth', 'x', 'y', 'z', 'avg_girdle', 'table_mm', 'price']","['encoding', 'drop_zeros', 'remove_outliers', 'remove_duplicates']",[None],"{'bootstrap': True, 'ccp_alpha': 0.0, 'criterion': 'squared_error', 'max_depth': None, 'max_features': 1.0, 'max_leaf_nodes': None, 'max_samples': None, 'min_impurity_decrease': 0.0, 'min_samples_leaf': 1, 'min_samples_split': 2, 'min_weight_fraction_leaf': 0.0, 'monotonic_cst': None, 'n_estimators': 500, 'n_jobs': -1, 'oob_score': False, 'random_state': 42, 'verbose': 0, 'warm_start': False}"
RF,575.9,558.2,0,"['cut', 'color', 'clarity', 'city', 'carat', 'depth', 'table', 'x', 'y', 'z', 'price', 'shape']","['encoding', 'drop_zeros', 'remove_outliers', 'remove_duplicates']",[None],"{'bootstrap': True, 'ccp_alpha': 0.0, 'criterion': 'squared_error', 'max_depth': None, 'max_features': None, 'max_leaf_nodes': None, 'max_samples': None, 'min_impurity_decrease': 0.0, 'min_samples_leaf': 1, 'min_samples_split': 2, 'min_weight_fraction_leaf': 0.0, 'monotonic_cst': None, 'n_estimators': 50, 'n_jobs': -1, 'oob_score': False, 'random_state': 42, 'verbose': 0, 'warm_start': False}"
RF,556.6,,541,"['cut', 'color', 'clarity', 'city', 'carat', 'depth', 'table', 'x', 'y', 'z', 'price', 'shape']","['encoding', 'drop_zeros', 'remove_outliers', 'remove_duplicates']",[None],"{'bootstrap': True, 'ccp_alpha': 0.0, 'criterion': 'squared_error', 'max_depth': 100, 'max_features': None, 'max_leaf_nodes': None, 'max_samples': None, 'min_impurity_decrease': 0.0, 'min_samples_leaf': 1, 'min_samples_split': 5, 'min_weight_fraction_leaf': 0.0, 'monotonic_cst': None, 'n_estimators': 1500, 'n_jobs': -1, 'oob_score': False, 'random_state': 42, 'verbose': 0, 'warm_start': False}"
RF,571.0,562.8,0,"['cut', 'color', 'clarity', 'city', 'carat', 'depth', 'avg_girdle', 'table_mm', 'xyz', 'price']","['encoding', 'drop_zeros', 'remove_outliers', 'remove_duplicates']",[None],"{'bootstrap': True, 'ccp_alpha': 0.0, 'criterion': 'squared_error', 'max_depth': None, 'max_features': 1.0, 'max_leaf_nodes': None, 'max_samples': None, 'min_impurity_decrease': 0.0, 'min_samples_leaf': 1, 'min_samples_split': 2, 'min_weight_fraction_leaf': 0.0, 'monotonic_cst': None, 'n_estimators': 500, 'n_jobs': -1, 'oob_score': False, 'random_state': 42, 'verbose': 0, 'warm_start': False}"
RF,578.4,563.1,0,"['cut', 'color', 'clarity', 'city', 'carat_log', 'depth', 'table', 'x_log', 'y_log', 'z_log', 'price']","['encoding', 'drop_zeros', 'remove_outliers', 'remove_duplicates']",[None],"{'bootstrap': True, 'ccp_alpha': 0.0, 'criterion': 'squared_error', 'max_depth': None, 'max_features': 1.0, 'max_leaf_nodes': None, 'max_samples': None, 'min_impurity_decrease': 0.0, 'min_samples_leaf': 1, 'min_samples_split': 2, 'min_weight_fraction_leaf': 0.0, 'monotonic_cst': None, 'n_estimators': 500, 'n_jobs': -1, 'oob_score': False, 'random_state': 42, 'verbose': 0, 'warm_start': False}"
RF,568.7,587.9,0,"['cut', 'color', 'clarity', 'city', 'carat', 'depth', 'table', 'x', 'y', 'z', 'price']",['encoding'],[None],"{'bootstrap': True, 'ccp_alpha': 0.0, 'criterion': 'squared_error', 'max_depth': None, 'max_features': 1.0, 'max_leaf_nodes': None, 'max_samples': None, 'min_impurity_decrease': 0.0, 'min_samples_leaf': 1, 'min_samples_split': 2, 'min_weight_fraction_leaf': 0.0, 'monotonic_cst': None, 'n_estimators': 100, 'n_jobs': None, 'oob_score': False, 'random_state': 42, 'verbose': 0, 'warm_start': False}"
RF,1193.7,1176.9,0,"['color', 'carat', 'table', 'x', 'y', 'z', 'price']","['encoding', 'drop_zeros', 'remove_outliers', 'remove_duplicates']",[None],"{'bootstrap': True, 'ccp_alpha': 0.0, 'criterion': 'squared_error', 'max_depth': None, 'max_features': 1.0, 'max_leaf_nodes': None, 'max_samples': None, 'min_impurity_decrease': 0.0, 'min_samples_leaf': 1, 'min_samples_split': 2, 'min_weight_fraction_leaf': 0.0, 'monotonic_cst': None, 'n_estimators': 500, 'n_jobs': -1, 'oob_score': False, 'random_state': 42, 'verbose': 0, 'warm_start': False}"
voting_model,565.3647366450372,580.3249321590858,0,"['cut', 'color', 'clarity', 'city', 'carat', 'depth', 'shape', 'x', 'y', 'z', 'carat_log', 'price']","['encoding', 'drop_zeros', 'remove_outliers', 'remove_duplicates']","[('xgb', XGBRegressor(base_score=None, booster=None, callbacks=None,
             colsample_bylevel=None, colsample_bynode=None,
             colsample_bytree=None, device=None, early_stopping_rounds=None,
             enable_categorical=False, eval_metric=None, feature_types=None,
             gamma=None, grow_policy=None, importance_type=None,
             interaction_constraints=None, learning_rate=None, max_bin=None,
             max_cat_threshold=None, max_cat_to_onehot=None,
             max_delta_step=None, max_depth=None, max_features='sqrt',
             max_leaves=None, min_child_weight=None, min_samples_split=2,
             missing=nan, monotone_constraints=None, multi_strategy=None,
             n_estimators=100, n_jobs=None, ...)), ('rf', RandomForestRegressor(max_features=None, n_estimators=500, n_jobs=-1,
                      random_state=42))]","{'estimators': [('xgb', XGBRegressor(base_score=None, booster=None, callbacks=None,
             colsample_bylevel=None, colsample_bynode=None,
             colsample_bytree=None, device=None, early_stopping_rounds=None,
             enable_categorical=False, eval_metric=None, feature_types=None,
             gamma=None, grow_policy=None, importance_type=None,
             interaction_constraints=None, learning_rate=None, max_bin=None,
             max_cat_threshold=None, max_cat_to_onehot=None,
             max_delta_step=None, max_depth=None, max_features='sqrt',
             max_leaves=None, min_child_weight=None, min_samples_split=2,
             missing=nan, monotone_constraints=None, multi_strategy=None,
             n_estimators=100, n_jobs=None, ...)), ('rf', RandomForestRegressor(max_features=None, n_estimators=500, n_jobs=-1,
                      random_state=42))], 'n_jobs': -1, 'verbose': False, 'weights': None, 'xgb': XGBRegressor(base_score=None, booster=None, callbacks=None,
             colsample_bylevel=None, colsample_bynode=None,
             colsample_bytree=None, device=None, early_stopping_rounds=None,
             enable_categorical=False, eval_metric=None, feature_types=None,
             gamma=None, grow_policy=None, importance_type=None,
             interaction_constraints=None, learning_rate=None, max_bin=None,
             max_cat_threshold=None, max_cat_to_onehot=None,
             max_delta_step=None, max_depth=None, max_features='sqrt',
             max_leaves=None, min_child_weight=None, min_samples_split=2,
             missing=nan, monotone_constraints=None, multi_strategy=None,
             n_estimators=100, n_jobs=None, ...), 'rf': RandomForestRegressor(max_features=None, n_estimators=500, n_jobs=-1,
                      random_state=42), 'xgb__objective': 'reg:squarederror', 'xgb__base_score': None, 'xgb__booster': None, 'xgb__callbacks': None, 'xgb__colsample_bylevel': None, 'xgb__colsample_bynode': None, 'xgb__colsample_bytree': None, 'xgb__device': None, 'xgb__early_stopping_rounds': None, 'xgb__enable_categorical': False, 'xgb__eval_metric': None, 'xgb__feature_types': None, 'xgb__gamma': None, 'xgb__grow_policy': None, 'xgb__importance_type': None, 'xgb__interaction_constraints': None, 'xgb__learning_rate': None, 'xgb__max_bin': None, 'xgb__max_cat_threshold': None, 'xgb__max_cat_to_onehot': None, 'xgb__max_delta_step': None, 'xgb__max_depth': None, 'xgb__max_leaves': None, 'xgb__min_child_weight': None, 'xgb__missing': nan, 'xgb__monotone_constraints': None, 'xgb__multi_strategy': None, 'xgb__n_estimators': 100, 'xgb__n_jobs': None, 'xgb__num_parallel_tree': None, 'xgb__random_state': 0, 'xgb__reg_alpha': None, 'xgb__reg_lambda': None, 'xgb__sampling_method': None, 'xgb__scale_pos_weight': None, 'xgb__subsample': None, 'xgb__tree_method': None, 'xgb__validate_parameters': None, 'xgb__verbosity': None, 'xgb__max_features': 'sqrt', 'xgb__min_samples_split': 2, 'rf__bootstrap': True, 'rf__ccp_alpha': 0.0, 'rf__criterion': 'squared_error', 'rf__max_depth': None, 'rf__max_features': None, 'rf__max_leaf_nodes': None, 'rf__max_samples': None, 'rf__min_impurity_decrease': 0.0, 'rf__min_samples_leaf': 1, 'rf__min_samples_split': 2, 'rf__min_weight_fraction_leaf': 0.0, 'rf__monotonic_cst': None, 'rf__n_estimators': 500, 'rf__n_jobs': -1, 'rf__oob_score': False, 'rf__random_state': 42, 'rf__verbose': 0, 'rf__warm_start': False}"
voting_model,577.252516015795,552.2195256788078,0,"['cut', 'color', 'clarity', 'city', 'carat', 'depth', 'shape', 'x', 'y', 'z', 'carat_log', 'price']","['encoding', 'drop_zeros', 'remove_outliers', 'remove_duplicates']","[('selection_features', XGBRegressor(base_score=None, booster=None, callbacks=None,
             colsample_bylevel=None, colsample_bynode=None,
             colsample_bytree=None, device=None, early_stopping_rounds=None,
             enable_categorical=False, eval_metric=None, feature_types=None,
             gamma=None, grow_policy=None, importance_type=None,
             interaction_constraints=None, learning_rate=None, max_bin=None,
             max_cat_threshold=None, max_cat_to_onehot=None,
             max_delta_step=None, max_depth=None, max_features='sqrt',
             max_leaves=None, min_child_weight=None, min_samples_split=2,
             missing=nan, monotone_constraints=None, multi_strategy=None,
             n_estimators=100, n_jobs=None, ...))]","{'estimators': [('selection_features', XGBRegressor(base_score=None, booster=None, callbacks=None,
             colsample_bylevel=None, colsample_bynode=None,
             colsample_bytree=None, device=None, early_stopping_rounds=None,
             enable_categorical=False, eval_metric=None, feature_types=None,
             gamma=None, grow_policy=None, importance_type=None,
             interaction_constraints=None, learning_rate=None, max_bin=None,
             max_cat_threshold=None, max_cat_to_onehot=None,
             max_delta_step=None, max_depth=None, max_features='sqrt',
             max_leaves=None, min_child_weight=None, min_samples_split=2,
             missing=nan, monotone_constraints=None, multi_strategy=None,
             n_estimators=100, n_jobs=None, ...))], 'n_jobs': -1, 'verbose': False, 'weights': None, 'selection_features': XGBRegressor(base_score=None, booster=None, callbacks=None,
             colsample_bylevel=None, colsample_bynode=None,
             colsample_bytree=None, device=None, early_stopping_rounds=None,
             enable_categorical=False, eval_metric=None, feature_types=None,
             gamma=None, grow_policy=None, importance_type=None,
             interaction_constraints=None, learning_rate=None, max_bin=None,
             max_cat_threshold=None, max_cat_to_onehot=None,
             max_delta_step=None, max_depth=None, max_features='sqrt',
             max_leaves=None, min_child_weight=None, min_samples_split=2,
             missing=nan, monotone_constraints=None, multi_strategy=None,
             n_estimators=100, n_jobs=None, ...), 'selection_features__objective': 'reg:squarederror', 'selection_features__base_score': None, 'selection_features__booster': None, 'selection_features__callbacks': None, 'selection_features__colsample_bylevel': None, 'selection_features__colsample_bynode': None, 'selection_features__colsample_bytree': None, 'selection_features__device': None, 'selection_features__early_stopping_rounds': None, 'selection_features__enable_categorical': False, 'selection_features__eval_metric': None, 'selection_features__feature_types': None, 'selection_features__gamma': None, 'selection_features__grow_policy': None, 'selection_features__importance_type': None, 'selection_features__interaction_constraints': None, 'selection_features__learning_rate': None, 'selection_features__max_bin': None, 'selection_features__max_cat_threshold': None, 'selection_features__max_cat_to_onehot': None, 'selection_features__max_delta_step': None, 'selection_features__max_depth': None, 'selection_features__max_leaves': None, 'selection_features__min_child_weight': None, 'selection_features__missing': nan, 'selection_features__monotone_constraints': None, 'selection_features__multi_strategy': None, 'selection_features__n_estimators': 100, 'selection_features__n_jobs': None, 'selection_features__num_parallel_tree': None, 'selection_features__random_state': 0, 'selection_features__reg_alpha': None, 'selection_features__reg_lambda': None, 'selection_features__sampling_method': None, 'selection_features__scale_pos_weight': None, 'selection_features__subsample': None, 'selection_features__tree_method': None, 'selection_features__validate_parameters': None, 'selection_features__verbosity': None, 'selection_features__max_features': 'sqrt', 'selection_features__min_samples_split': 2}"
voting_model,577.252516015795,552.2195256788078,0,"['cut', 'color', 'clarity', 'city', 'carat', 'depth', 'shape', 'x', 'y', 'z', 'price']","['encoding', 'drop_zeros', 'remove_outliers', 'remove_duplicates']","[('selection_features', XGBRegressor(base_score=None, booster=None, callbacks=None,
             colsample_bylevel=None, colsample_bynode=None,
             colsample_bytree=None, device=None, early_stopping_rounds=None,
             enable_categorical=False, eval_metric=None, feature_types=None,
             gamma=None, grow_policy=None, importance_type=None,
             interaction_constraints=None, learning_rate=None, max_bin=None,
             max_cat_threshold=None, max_cat_to_onehot=None,
             max_delta_step=None, max_depth=None, max_features='sqrt',
             max_leaves=None, min_child_weight=None, min_samples_split=2,
             missing=nan, monotone_constraints=None, multi_strategy=None,
             n_estimators=100, n_jobs=None, ...))]","{'estimators': [('selection_features', XGBRegressor(base_score=None, booster=None, callbacks=None,
             colsample_bylevel=None, colsample_bynode=None,
             colsample_bytree=None, device=None, early_stopping_rounds=None,
             enable_categorical=False, eval_metric=None, feature_types=None,
             gamma=None, grow_policy=None, importance_type=None,
             interaction_constraints=None, learning_rate=None, max_bin=None,
             max_cat_threshold=None, max_cat_to_onehot=None,
             max_delta_step=None, max_depth=None, max_features='sqrt',
             max_leaves=None, min_child_weight=None, min_samples_split=2,
             missing=nan, monotone_constraints=None, multi_strategy=None,
             n_estimators=100, n_jobs=None, ...))], 'n_jobs': -1, 'verbose': False, 'weights': None, 'selection_features': XGBRegressor(base_score=None, booster=None, callbacks=None,
             colsample_bylevel=None, colsample_bynode=None,
             colsample_bytree=None, device=None, early_stopping_rounds=None,
             enable_categorical=False, eval_metric=None, feature_types=None,
             gamma=None, grow_policy=None, importance_type=None,
             interaction_constraints=None, learning_rate=None, max_bin=None,
             max_cat_threshold=None, max_cat_to_onehot=None,
             max_delta_step=None, max_depth=None, max_features='sqrt',
             max_leaves=None, min_child_weight=None, min_samples_split=2,
             missing=nan, monotone_constraints=None, multi_strategy=None,
             n_estimators=100, n_jobs=None, ...), 'selection_features__objective': 'reg:squarederror', 'selection_features__base_score': None, 'selection_features__booster': None, 'selection_features__callbacks': None, 'selection_features__colsample_bylevel': None, 'selection_features__colsample_bynode': None, 'selection_features__colsample_bytree': None, 'selection_features__device': None, 'selection_features__early_stopping_rounds': None, 'selection_features__enable_categorical': False, 'selection_features__eval_metric': None, 'selection_features__feature_types': None, 'selection_features__gamma': None, 'selection_features__grow_policy': None, 'selection_features__importance_type': None, 'selection_features__interaction_constraints': None, 'selection_features__learning_rate': None, 'selection_features__max_bin': None, 'selection_features__max_cat_threshold': None, 'selection_features__max_cat_to_onehot': None, 'selection_features__max_delta_step': None, 'selection_features__max_depth': None, 'selection_features__max_leaves': None, 'selection_features__min_child_weight': None, 'selection_features__missing': nan, 'selection_features__monotone_constraints': None, 'selection_features__multi_strategy': None, 'selection_features__n_estimators': 100, 'selection_features__n_jobs': None, 'selection_features__num_parallel_tree': None, 'selection_features__random_state': 0, 'selection_features__reg_alpha': None, 'selection_features__reg_lambda': None, 'selection_features__sampling_method': None, 'selection_features__scale_pos_weight': None, 'selection_features__subsample': None, 'selection_features__tree_method': None, 'selection_features__validate_parameters': None, 'selection_features__verbosity': None, 'selection_features__max_features': 'sqrt', 'selection_features__min_samples_split': 2}"
voting_model,577.252516015795,552.2195256788078,0,"['cut', 'color', 'clarity', 'city', 'carat', 'depth', 'shape', 'x', 'y', 'z', 'price']","['encoding', 'drop_zeros', 'remove_outliers', 'remove_duplicates']","[('selection_features', XGBRegressor(base_score=None, booster=None, callbacks=None,
             colsample_bylevel=None, colsample_bynode=None,
             colsample_bytree=None, device=None, early_stopping_rounds=None,
             enable_categorical=False, eval_metric=None, feature_types=None,
             gamma=None, grow_policy=None, importance_type=None,
             interaction_constraints=None, learning_rate=None, max_bin=None,
             max_cat_threshold=None, max_cat_to_onehot=None,
             max_delta_step=None, max_depth=None, max_features='sqrt',
             max_leaves=None, min_child_weight=None, min_samples_split=2,
             missing=nan, monotone_constraints=None, multi_strategy=None,
             n_estimators=100, n_jobs=None, ...))]","{'estimators': [('selection_features', XGBRegressor(base_score=None, booster=None, callbacks=None,
             colsample_bylevel=None, colsample_bynode=None,
             colsample_bytree=None, device=None, early_stopping_rounds=None,
             enable_categorical=False, eval_metric=None, feature_types=None,
             gamma=None, grow_policy=None, importance_type=None,
             interaction_constraints=None, learning_rate=None, max_bin=None,
             max_cat_threshold=None, max_cat_to_onehot=None,
             max_delta_step=None, max_depth=None, max_features='sqrt',
             max_leaves=None, min_child_weight=None, min_samples_split=2,
             missing=nan, monotone_constraints=None, multi_strategy=None,
             n_estimators=100, n_jobs=None, ...))], 'n_jobs': -1, 'verbose': False, 'weights': None, 'selection_features': XGBRegressor(base_score=None, booster=None, callbacks=None,
             colsample_bylevel=None, colsample_bynode=None,
             colsample_bytree=None, device=None, early_stopping_rounds=None,
             enable_categorical=False, eval_metric=None, feature_types=None,
             gamma=None, grow_policy=None, importance_type=None,
             interaction_constraints=None, learning_rate=None, max_bin=None,
             max_cat_threshold=None, max_cat_to_onehot=None,
             max_delta_step=None, max_depth=None, max_features='sqrt',
             max_leaves=None, min_child_weight=None, min_samples_split=2,
             missing=nan, monotone_constraints=None, multi_strategy=None,
             n_estimators=100, n_jobs=None, ...), 'selection_features__objective': 'reg:squarederror', 'selection_features__base_score': None, 'selection_features__booster': None, 'selection_features__callbacks': None, 'selection_features__colsample_bylevel': None, 'selection_features__colsample_bynode': None, 'selection_features__colsample_bytree': None, 'selection_features__device': None, 'selection_features__early_stopping_rounds': None, 'selection_features__enable_categorical': False, 'selection_features__eval_metric': None, 'selection_features__feature_types': None, 'selection_features__gamma': None, 'selection_features__grow_policy': None, 'selection_features__importance_type': None, 'selection_features__interaction_constraints': None, 'selection_features__learning_rate': None, 'selection_features__max_bin': None, 'selection_features__max_cat_threshold': None, 'selection_features__max_cat_to_onehot': None, 'selection_features__max_delta_step': None, 'selection_features__max_depth': None, 'selection_features__max_leaves': None, 'selection_features__min_child_weight': None, 'selection_features__missing': nan, 'selection_features__monotone_constraints': None, 'selection_features__multi_strategy': None, 'selection_features__n_estimators': 100, 'selection_features__n_jobs': None, 'selection_features__num_parallel_tree': None, 'selection_features__random_state': 42, 'selection_features__reg_alpha': None, 'selection_features__reg_lambda': None, 'selection_features__sampling_method': None, 'selection_features__scale_pos_weight': None, 'selection_features__subsample': None, 'selection_features__tree_method': None, 'selection_features__validate_parameters': None, 'selection_features__verbosity': None, 'selection_features__max_features': 'sqrt', 'selection_features__min_samples_split': 2}"
voting_model,577.252516015795,552.2195256788078,0,"['cut', 'color', 'clarity', 'city', 'carat', 'depth', 'shape', 'x', 'y', 'z', 'price']","['encoding', 'drop_zeros', 'remove_outliers', 'remove_duplicates']","[('selection_features', XGBRegressor(base_score=None, booster=None, callbacks=None,
             colsample_bylevel=None, colsample_bynode=None,
             colsample_bytree=None, device=None, early_stopping_rounds=None,
             enable_categorical=False, eval_metric=None, feature_types=None,
             gamma=None, grow_policy=None, importance_type=None,
             interaction_constraints=None, learning_rate=None, max_bin=None,
             max_cat_threshold=None, max_cat_to_onehot=None,
             max_delta_step=None, max_depth=None, max_features='log',
             max_leaves=None, min_child_weight=None, min_samples_split=2,
             missing=nan, monotone_constraints=None, multi_strategy=None,
             n_estimators=100, n_jobs=None, ...))]","{'estimators': [('selection_features', XGBRegressor(base_score=None, booster=None, callbacks=None,
             colsample_bylevel=None, colsample_bynode=None,
             colsample_bytree=None, device=None, early_stopping_rounds=None,
             enable_categorical=False, eval_metric=None, feature_types=None,
             gamma=None, grow_policy=None, importance_type=None,
             interaction_constraints=None, learning_rate=None, max_bin=None,
             max_cat_threshold=None, max_cat_to_onehot=None,
             max_delta_step=None, max_depth=None, max_features='log',
             max_leaves=None, min_child_weight=None, min_samples_split=2,
             missing=nan, monotone_constraints=None, multi_strategy=None,
             n_estimators=100, n_jobs=None, ...))], 'n_jobs': -1, 'verbose': False, 'weights': None, 'selection_features': XGBRegressor(base_score=None, booster=None, callbacks=None,
             colsample_bylevel=None, colsample_bynode=None,
             colsample_bytree=None, device=None, early_stopping_rounds=None,
             enable_categorical=False, eval_metric=None, feature_types=None,
             gamma=None, grow_policy=None, importance_type=None,
             interaction_constraints=None, learning_rate=None, max_bin=None,
             max_cat_threshold=None, max_cat_to_onehot=None,
             max_delta_step=None, max_depth=None, max_features='log',
             max_leaves=None, min_child_weight=None, min_samples_split=2,
             missing=nan, monotone_constraints=None, multi_strategy=None,
             n_estimators=100, n_jobs=None, ...), 'selection_features__objective': 'reg:squarederror', 'selection_features__base_score': None, 'selection_features__booster': None, 'selection_features__callbacks': None, 'selection_features__colsample_bylevel': None, 'selection_features__colsample_bynode': None, 'selection_features__colsample_bytree': None, 'selection_features__device': None, 'selection_features__early_stopping_rounds': None, 'selection_features__enable_categorical': False, 'selection_features__eval_metric': None, 'selection_features__feature_types': None, 'selection_features__gamma': None, 'selection_features__grow_policy': None, 'selection_features__importance_type': None, 'selection_features__interaction_constraints': None, 'selection_features__learning_rate': None, 'selection_features__max_bin': None, 'selection_features__max_cat_threshold': None, 'selection_features__max_cat_to_onehot': None, 'selection_features__max_delta_step': None, 'selection_features__max_depth': None, 'selection_features__max_leaves': None, 'selection_features__min_child_weight': None, 'selection_features__missing': nan, 'selection_features__monotone_constraints': None, 'selection_features__multi_strategy': None, 'selection_features__n_estimators': 100, 'selection_features__n_jobs': None, 'selection_features__num_parallel_tree': None, 'selection_features__random_state': 42, 'selection_features__reg_alpha': None, 'selection_features__reg_lambda': None, 'selection_features__sampling_method': None, 'selection_features__scale_pos_weight': None, 'selection_features__subsample': None, 'selection_features__tree_method': None, 'selection_features__validate_parameters': None, 'selection_features__verbosity': None, 'selection_features__max_features': 'log', 'selection_features__min_samples_split': 2}"
voting_model,601.8997749314348,580.3815995985298,0,"['cut', 'color', 'clarity', 'city', 'carat', 'depth', 'shape', 'x', 'y', 'z', 'price']","['encoding', 'drop_zeros', 'remove_outliers', 'remove_duplicates']","[('selection_features', XGBRegressor(base_score=None, booster=None, callbacks=None,
             colsample_bylevel=None, colsample_bynode=None,
             colsample_bytree=None, device=None, early_stopping_rounds=None,
             enable_categorical=False, eval_metric=None, feature_types=None,
             gamma=None, grow_policy=None, importance_type=None,
             interaction_constraints=None, learning_rate=None, max_bin=None,
             max_cat_threshold=None, max_cat_to_onehot=None,
             max_delta_step=None, max_depth=None, max_features='None',
             max_leaves=None, min_child_weight=None, min_samples_split=2,
             missing=nan, monotone_constraints=None, multi_strategy=None,
             n_estimators=500, n_jobs=None, ...))]","{'estimators': [('selection_features', XGBRegressor(base_score=None, booster=None, callbacks=None,
             colsample_bylevel=None, colsample_bynode=None,
             colsample_bytree=None, device=None, early_stopping_rounds=None,
             enable_categorical=False, eval_metric=None, feature_types=None,
             gamma=None, grow_policy=None, importance_type=None,
             interaction_constraints=None, learning_rate=None, max_bin=None,
             max_cat_threshold=None, max_cat_to_onehot=None,
             max_delta_step=None, max_depth=None, max_features='None',
             max_leaves=None, min_child_weight=None, min_samples_split=2,
             missing=nan, monotone_constraints=None, multi_strategy=None,
             n_estimators=500, n_jobs=None, ...))], 'n_jobs': -1, 'verbose': False, 'weights': None, 'selection_features': XGBRegressor(base_score=None, booster=None, callbacks=None,
             colsample_bylevel=None, colsample_bynode=None,
             colsample_bytree=None, device=None, early_stopping_rounds=None,
             enable_categorical=False, eval_metric=None, feature_types=None,
             gamma=None, grow_policy=None, importance_type=None,
             interaction_constraints=None, learning_rate=None, max_bin=None,
             max_cat_threshold=None, max_cat_to_onehot=None,
             max_delta_step=None, max_depth=None, max_features='None',
             max_leaves=None, min_child_weight=None, min_samples_split=2,
             missing=nan, monotone_constraints=None, multi_strategy=None,
             n_estimators=500, n_jobs=None, ...), 'selection_features__objective': 'reg:squarederror', 'selection_features__base_score': None, 'selection_features__booster': None, 'selection_features__callbacks': None, 'selection_features__colsample_bylevel': None, 'selection_features__colsample_bynode': None, 'selection_features__colsample_bytree': None, 'selection_features__device': None, 'selection_features__early_stopping_rounds': None, 'selection_features__enable_categorical': False, 'selection_features__eval_metric': None, 'selection_features__feature_types': None, 'selection_features__gamma': None, 'selection_features__grow_policy': None, 'selection_features__importance_type': None, 'selection_features__interaction_constraints': None, 'selection_features__learning_rate': None, 'selection_features__max_bin': None, 'selection_features__max_cat_threshold': None, 'selection_features__max_cat_to_onehot': None, 'selection_features__max_delta_step': None, 'selection_features__max_depth': None, 'selection_features__max_leaves': None, 'selection_features__min_child_weight': None, 'selection_features__missing': nan, 'selection_features__monotone_constraints': None, 'selection_features__multi_strategy': None, 'selection_features__n_estimators': 500, 'selection_features__n_jobs': None, 'selection_features__num_parallel_tree': None, 'selection_features__random_state': 42, 'selection_features__reg_alpha': None, 'selection_features__reg_lambda': None, 'selection_features__sampling_method': None, 'selection_features__scale_pos_weight': None, 'selection_features__subsample': None, 'selection_features__tree_method': None, 'selection_features__validate_parameters': None, 'selection_features__verbosity': None, 'selection_features__max_features': 'None', 'selection_features__min_samples_split': 2}"
voting_model,577.252516015795,552.2195256788078,0,"['cut', 'color', 'clarity', 'city', 'carat', 'depth', 'shape', 'x', 'y', 'z', 'price']","['encoding', 'drop_zeros', 'remove_outliers', 'remove_duplicates']","[('selection_features', XGBRegressor(base_score=None, booster=None, callbacks=None,
             colsample_bylevel=None, colsample_bynode=None,
             colsample_bytree=None, device=None, early_stopping_rounds=None,
             enable_categorical=False, eval_metric=None, feature_types=None,
             gamma=None, grow_policy=None, importance_type=None,
             interaction_constraints=None, learning_rate=None, max_bin=None,
             max_cat_threshold=None, max_cat_to_onehot=None,
             max_delta_step=None, max_depth=None, max_features='None',
             max_leaves=None, min_child_weight=None, min_samples_split=2,
             missing=nan, monotone_constraints=None, multi_strategy=None,
             n_estimators=100, n_jobs=None, ...))]","{'estimators': [('selection_features', XGBRegressor(base_score=None, booster=None, callbacks=None,
             colsample_bylevel=None, colsample_bynode=None,
             colsample_bytree=None, device=None, early_stopping_rounds=None,
             enable_categorical=False, eval_metric=None, feature_types=None,
             gamma=None, grow_policy=None, importance_type=None,
             interaction_constraints=None, learning_rate=None, max_bin=None,
             max_cat_threshold=None, max_cat_to_onehot=None,
             max_delta_step=None, max_depth=None, max_features='None',
             max_leaves=None, min_child_weight=None, min_samples_split=2,
             missing=nan, monotone_constraints=None, multi_strategy=None,
             n_estimators=100, n_jobs=None, ...))], 'n_jobs': -1, 'verbose': False, 'weights': None, 'selection_features': XGBRegressor(base_score=None, booster=None, callbacks=None,
             colsample_bylevel=None, colsample_bynode=None,
             colsample_bytree=None, device=None, early_stopping_rounds=None,
             enable_categorical=False, eval_metric=None, feature_types=None,
             gamma=None, grow_policy=None, importance_type=None,
             interaction_constraints=None, learning_rate=None, max_bin=None,
             max_cat_threshold=None, max_cat_to_onehot=None,
             max_delta_step=None, max_depth=None, max_features='None',
             max_leaves=None, min_child_weight=None, min_samples_split=2,
             missing=nan, monotone_constraints=None, multi_strategy=None,
             n_estimators=100, n_jobs=None, ...), 'selection_features__objective': 'reg:squarederror', 'selection_features__base_score': None, 'selection_features__booster': None, 'selection_features__callbacks': None, 'selection_features__colsample_bylevel': None, 'selection_features__colsample_bynode': None, 'selection_features__colsample_bytree': None, 'selection_features__device': None, 'selection_features__early_stopping_rounds': None, 'selection_features__enable_categorical': False, 'selection_features__eval_metric': None, 'selection_features__feature_types': None, 'selection_features__gamma': None, 'selection_features__grow_policy': None, 'selection_features__importance_type': None, 'selection_features__interaction_constraints': None, 'selection_features__learning_rate': None, 'selection_features__max_bin': None, 'selection_features__max_cat_threshold': None, 'selection_features__max_cat_to_onehot': None, 'selection_features__max_delta_step': None, 'selection_features__max_depth': None, 'selection_features__max_leaves': None, 'selection_features__min_child_weight': None, 'selection_features__missing': nan, 'selection_features__monotone_constraints': None, 'selection_features__multi_strategy': None, 'selection_features__n_estimators': 100, 'selection_features__n_jobs': None, 'selection_features__num_parallel_tree': None, 'selection_features__random_state': 42, 'selection_features__reg_alpha': None, 'selection_features__reg_lambda': None, 'selection_features__sampling_method': None, 'selection_features__scale_pos_weight': None, 'selection_features__subsample': None, 'selection_features__tree_method': None, 'selection_features__validate_parameters': None, 'selection_features__verbosity': None, 'selection_features__max_features': 'None', 'selection_features__min_samples_split': 2}"
voting_model,571.7409255424116,553.8440156554964,0,"['cut', 'color', 'clarity', 'city', 'carat', 'depth', 'shape', 'x', 'y', 'z', 'price']","['encoding', 'drop_zeros', 'remove_outliers', 'remove_duplicates']","[('selection_features', XGBRegressor(base_score=None, booster=None, callbacks=None,
             colsample_bylevel=None, colsample_bynode=None,
             colsample_bytree=None, device=None, early_stopping_rounds=None,
             enable_categorical=False, eval_metric=None, feature_types=None,
             gamma=None, grow_policy=None, importance_type=None,
             interaction_constraints=None, learning_rate=None, max_bin=None,
             max_cat_threshold=None, max_cat_to_onehot=None,
             max_delta_step=None, max_depth=None, max_features='None',
             max_leaves=None, min_child_weight=None, min_samples_split=2,
             missing=nan, monotone_constraints=None, multi_strategy=None,
             n_estimators=50, n_jobs=None, ...))]","{'estimators': [('selection_features', XGBRegressor(base_score=None, booster=None, callbacks=None,
             colsample_bylevel=None, colsample_bynode=None,
             colsample_bytree=None, device=None, early_stopping_rounds=None,
             enable_categorical=False, eval_metric=None, feature_types=None,
             gamma=None, grow_policy=None, importance_type=None,
             interaction_constraints=None, learning_rate=None, max_bin=None,
             max_cat_threshold=None, max_cat_to_onehot=None,
             max_delta_step=None, max_depth=None, max_features='None',
             max_leaves=None, min_child_weight=None, min_samples_split=2,
             missing=nan, monotone_constraints=None, multi_strategy=None,
             n_estimators=50, n_jobs=None, ...))], 'n_jobs': -1, 'verbose': False, 'weights': None, 'selection_features': XGBRegressor(base_score=None, booster=None, callbacks=None,
             colsample_bylevel=None, colsample_bynode=None,
             colsample_bytree=None, device=None, early_stopping_rounds=None,
             enable_categorical=False, eval_metric=None, feature_types=None,
             gamma=None, grow_policy=None, importance_type=None,
             interaction_constraints=None, learning_rate=None, max_bin=None,
             max_cat_threshold=None, max_cat_to_onehot=None,
             max_delta_step=None, max_depth=None, max_features='None',
             max_leaves=None, min_child_weight=None, min_samples_split=2,
             missing=nan, monotone_constraints=None, multi_strategy=None,
             n_estimators=50, n_jobs=None, ...), 'selection_features__objective': 'reg:squarederror', 'selection_features__base_score': None, 'selection_features__booster': None, 'selection_features__callbacks': None, 'selection_features__colsample_bylevel': None, 'selection_features__colsample_bynode': None, 'selection_features__colsample_bytree': None, 'selection_features__device': None, 'selection_features__early_stopping_rounds': None, 'selection_features__enable_categorical': False, 'selection_features__eval_metric': None, 'selection_features__feature_types': None, 'selection_features__gamma': None, 'selection_features__grow_policy': None, 'selection_features__importance_type': None, 'selection_features__interaction_constraints': None, 'selection_features__learning_rate': None, 'selection_features__max_bin': None, 'selection_features__max_cat_threshold': None, 'selection_features__max_cat_to_onehot': None, 'selection_features__max_delta_step': None, 'selection_features__max_depth': None, 'selection_features__max_leaves': None, 'selection_features__min_child_weight': None, 'selection_features__missing': nan, 'selection_features__monotone_constraints': None, 'selection_features__multi_strategy': None, 'selection_features__n_estimators': 50, 'selection_features__n_jobs': None, 'selection_features__num_parallel_tree': None, 'selection_features__random_state': 42, 'selection_features__reg_alpha': None, 'selection_features__reg_lambda': None, 'selection_features__sampling_method': None, 'selection_features__scale_pos_weight': None, 'selection_features__subsample': None, 'selection_features__tree_method': None, 'selection_features__validate_parameters': None, 'selection_features__verbosity': None, 'selection_features__max_features': 'None', 'selection_features__min_samples_split': 2}"
voting_model,581.3040461607272,557.8408489089054,0,"['cut', 'color', 'clarity', 'city', 'carat', 'depth', 'shape', 'x', 'y', 'z', 'price']","['encoding', 'drop_zeros', 'remove_outliers', 'remove_duplicates']","[('selection_features', XGBRegressor(base_score=None, booster=None, callbacks=None,
             colsample_bylevel=None, colsample_bynode=None,
             colsample_bytree=None, device=None, early_stopping_rounds=None,
             enable_categorical=False, eval_metric=None, feature_types=None,
             gamma=None, grow_policy=None, importance_type=None,
             interaction_constraints=None, learning_rate=None, max_bin=None,
             max_cat_threshold=None, max_cat_to_onehot=None,
             max_delta_step=None, max_depth=None, max_features='None',
             max_leaves=None, min_child_weight=None, min_samples_split=2,
             missing=nan, monotone_constraints=None, multi_strategy=None,
             n_estimators=150, n_jobs=None, ...))]","{'estimators': [('selection_features', XGBRegressor(base_score=None, booster=None, callbacks=None,
             colsample_bylevel=None, colsample_bynode=None,
             colsample_bytree=None, device=None, early_stopping_rounds=None,
             enable_categorical=False, eval_metric=None, feature_types=None,
             gamma=None, grow_policy=None, importance_type=None,
             interaction_constraints=None, learning_rate=None, max_bin=None,
             max_cat_threshold=None, max_cat_to_onehot=None,
             max_delta_step=None, max_depth=None, max_features='None',
             max_leaves=None, min_child_weight=None, min_samples_split=2,
             missing=nan, monotone_constraints=None, multi_strategy=None,
             n_estimators=150, n_jobs=None, ...))], 'n_jobs': -1, 'verbose': False, 'weights': None, 'selection_features': XGBRegressor(base_score=None, booster=None, callbacks=None,
             colsample_bylevel=None, colsample_bynode=None,
             colsample_bytree=None, device=None, early_stopping_rounds=None,
             enable_categorical=False, eval_metric=None, feature_types=None,
             gamma=None, grow_policy=None, importance_type=None,
             interaction_constraints=None, learning_rate=None, max_bin=None,
             max_cat_threshold=None, max_cat_to_onehot=None,
             max_delta_step=None, max_depth=None, max_features='None',
             max_leaves=None, min_child_weight=None, min_samples_split=2,
             missing=nan, monotone_constraints=None, multi_strategy=None,
             n_estimators=150, n_jobs=None, ...), 'selection_features__objective': 'reg:squarederror', 'selection_features__base_score': None, 'selection_features__booster': None, 'selection_features__callbacks': None, 'selection_features__colsample_bylevel': None, 'selection_features__colsample_bynode': None, 'selection_features__colsample_bytree': None, 'selection_features__device': None, 'selection_features__early_stopping_rounds': None, 'selection_features__enable_categorical': False, 'selection_features__eval_metric': None, 'selection_features__feature_types': None, 'selection_features__gamma': None, 'selection_features__grow_policy': None, 'selection_features__importance_type': None, 'selection_features__interaction_constraints': None, 'selection_features__learning_rate': None, 'selection_features__max_bin': None, 'selection_features__max_cat_threshold': None, 'selection_features__max_cat_to_onehot': None, 'selection_features__max_delta_step': None, 'selection_features__max_depth': None, 'selection_features__max_leaves': None, 'selection_features__min_child_weight': None, 'selection_features__missing': nan, 'selection_features__monotone_constraints': None, 'selection_features__multi_strategy': None, 'selection_features__n_estimators': 150, 'selection_features__n_jobs': None, 'selection_features__num_parallel_tree': None, 'selection_features__random_state': 42, 'selection_features__reg_alpha': None, 'selection_features__reg_lambda': None, 'selection_features__sampling_method': None, 'selection_features__scale_pos_weight': None, 'selection_features__subsample': None, 'selection_features__tree_method': None, 'selection_features__validate_parameters': None, 'selection_features__verbosity': None, 'selection_features__max_features': 'None', 'selection_features__min_samples_split': 2}"
voting_model,554.4207918324666,537.8592761030503,0,"['cut', 'color', 'clarity', 'city', 'carat', 'depth', 'shape', 'x', 'y', 'z', 'price']","['encoding', 'drop_zeros', 'remove_outliers', 'remove_duplicates']","[('selection_features', XGBRegressor(base_score=None, booster=None, callbacks=None,
             colsample_bylevel=None, colsample_bynode=None,
             colsample_bytree=None, device=None, early_stopping_rounds=None,
             enable_categorical=False, eval_metric=None, feature_types=None,
             gamma=None, grow_policy=None, importance_type=None,
             interaction_constraints=None, learning_rate=None, max_bin=None,
             max_cat_threshold=None, max_cat_to_onehot=None,
             max_delta_step=None, max_depth=None, max_features='None',
             max_leaves=None, min_child_weight=None, min_samples_split=2,
             missing=nan, monotone_constraints=None, multi_strategy=None,
             n_estimators=150, n_jobs=None, ...)), ('rf', RandomForestRegressor(max_features=None, n_estimators=500, n_jobs=-1,
                      random_state=42))]","{'estimators': [('selection_features', XGBRegressor(base_score=None, booster=None, callbacks=None,
             colsample_bylevel=None, colsample_bynode=None,
             colsample_bytree=None, device=None, early_stopping_rounds=None,
             enable_categorical=False, eval_metric=None, feature_types=None,
             gamma=None, grow_policy=None, importance_type=None,
             interaction_constraints=None, learning_rate=None, max_bin=None,
             max_cat_threshold=None, max_cat_to_onehot=None,
             max_delta_step=None, max_depth=None, max_features='None',
             max_leaves=None, min_child_weight=None, min_samples_split=2,
             missing=nan, monotone_constraints=None, multi_strategy=None,
             n_estimators=150, n_jobs=None, ...)), ('rf', RandomForestRegressor(max_features=None, n_estimators=500, n_jobs=-1,
                      random_state=42))], 'n_jobs': -1, 'verbose': False, 'weights': None, 'selection_features': XGBRegressor(base_score=None, booster=None, callbacks=None,
             colsample_bylevel=None, colsample_bynode=None,
             colsample_bytree=None, device=None, early_stopping_rounds=None,
             enable_categorical=False, eval_metric=None, feature_types=None,
             gamma=None, grow_policy=None, importance_type=None,
             interaction_constraints=None, learning_rate=None, max_bin=None,
             max_cat_threshold=None, max_cat_to_onehot=None,
             max_delta_step=None, max_depth=None, max_features='None',
             max_leaves=None, min_child_weight=None, min_samples_split=2,
             missing=nan, monotone_constraints=None, multi_strategy=None,
             n_estimators=150, n_jobs=None, ...), 'rf': RandomForestRegressor(max_features=None, n_estimators=500, n_jobs=-1,
                      random_state=42), 'selection_features__objective': 'reg:squarederror', 'selection_features__base_score': None, 'selection_features__booster': None, 'selection_features__callbacks': None, 'selection_features__colsample_bylevel': None, 'selection_features__colsample_bynode': None, 'selection_features__colsample_bytree': None, 'selection_features__device': None, 'selection_features__early_stopping_rounds': None, 'selection_features__enable_categorical': False, 'selection_features__eval_metric': None, 'selection_features__feature_types': None, 'selection_features__gamma': None, 'selection_features__grow_policy': None, 'selection_features__importance_type': None, 'selection_features__interaction_constraints': None, 'selection_features__learning_rate': None, 'selection_features__max_bin': None, 'selection_features__max_cat_threshold': None, 'selection_features__max_cat_to_onehot': None, 'selection_features__max_delta_step': None, 'selection_features__max_depth': None, 'selection_features__max_leaves': None, 'selection_features__min_child_weight': None, 'selection_features__missing': nan, 'selection_features__monotone_constraints': None, 'selection_features__multi_strategy': None, 'selection_features__n_estimators': 150, 'selection_features__n_jobs': None, 'selection_features__num_parallel_tree': None, 'selection_features__random_state': 42, 'selection_features__reg_alpha': None, 'selection_features__reg_lambda': None, 'selection_features__sampling_method': None, 'selection_features__scale_pos_weight': None, 'selection_features__subsample': None, 'selection_features__tree_method': None, 'selection_features__validate_parameters': None, 'selection_features__verbosity': None, 'selection_features__max_features': 'None', 'selection_features__min_samples_split': 2, 'rf__bootstrap': True, 'rf__ccp_alpha': 0.0, 'rf__criterion': 'squared_error', 'rf__max_depth': None, 'rf__max_features': None, 'rf__max_leaf_nodes': None, 'rf__max_samples': None, 'rf__min_impurity_decrease': 0.0, 'rf__min_samples_leaf': 1, 'rf__min_samples_split': 2, 'rf__min_weight_fraction_leaf': 0.0, 'rf__monotonic_cst': None, 'rf__n_estimators': 500, 'rf__n_jobs': -1, 'rf__oob_score': False, 'rf__random_state': 42, 'rf__verbose': 0, 'rf__warm_start': False}"
voting_model,577.252516015795,552.2195256788078,0,"['cut', 'color', 'clarity', 'city', 'carat', 'depth', 'shape', 'x', 'y', 'z', 'price']","['encoding', 'drop_zeros', 'remove_outliers', 'remove_duplicates']","[('selection_features', XGBRegressor(base_score=None, booster=None, callbacks=None,
             colsample_bylevel=None, colsample_bynode=None,
             colsample_bytree=None, device=None, early_stopping_rounds=None,
             enable_categorical=False, eval_metric=None, feature_types=None,
             gamma=None, grow_policy=None, importance_type=None,
             interaction_constraints=None, learning_rate=None, max_bin=None,
             max_cat_threshold=None, max_cat_to_onehot=None,
             max_delta_step=None, max_depth=None, max_features='None',
             max_leaves=None, min_child_weight=None, min_samples_split=2,
             missing=nan, monotone_constraints=None, multi_strategy=None,
             n_estimators=100, n_jobs=None, ...))]","{'estimators': [('selection_features', XGBRegressor(base_score=None, booster=None, callbacks=None,
             colsample_bylevel=None, colsample_bynode=None,
             colsample_bytree=None, device=None, early_stopping_rounds=None,
             enable_categorical=False, eval_metric=None, feature_types=None,
             gamma=None, grow_policy=None, importance_type=None,
             interaction_constraints=None, learning_rate=None, max_bin=None,
             max_cat_threshold=None, max_cat_to_onehot=None,
             max_delta_step=None, max_depth=None, max_features='None',
             max_leaves=None, min_child_weight=None, min_samples_split=2,
             missing=nan, monotone_constraints=None, multi_strategy=None,
             n_estimators=100, n_jobs=None, ...))], 'n_jobs': -1, 'verbose': False, 'weights': None, 'selection_features': XGBRegressor(base_score=None, booster=None, callbacks=None,
             colsample_bylevel=None, colsample_bynode=None,
             colsample_bytree=None, device=None, early_stopping_rounds=None,
             enable_categorical=False, eval_metric=None, feature_types=None,
             gamma=None, grow_policy=None, importance_type=None,
             interaction_constraints=None, learning_rate=None, max_bin=None,
             max_cat_threshold=None, max_cat_to_onehot=None,
             max_delta_step=None, max_depth=None, max_features='None',
             max_leaves=None, min_child_weight=None, min_samples_split=2,
             missing=nan, monotone_constraints=None, multi_strategy=None,
             n_estimators=100, n_jobs=None, ...), 'selection_features__objective': 'reg:squarederror', 'selection_features__base_score': None, 'selection_features__booster': None, 'selection_features__callbacks': None, 'selection_features__colsample_bylevel': None, 'selection_features__colsample_bynode': None, 'selection_features__colsample_bytree': None, 'selection_features__device': None, 'selection_features__early_stopping_rounds': None, 'selection_features__enable_categorical': False, 'selection_features__eval_metric': None, 'selection_features__feature_types': None, 'selection_features__gamma': None, 'selection_features__grow_policy': None, 'selection_features__importance_type': None, 'selection_features__interaction_constraints': None, 'selection_features__learning_rate': None, 'selection_features__max_bin': None, 'selection_features__max_cat_threshold': None, 'selection_features__max_cat_to_onehot': None, 'selection_features__max_delta_step': None, 'selection_features__max_depth': None, 'selection_features__max_leaves': None, 'selection_features__min_child_weight': None, 'selection_features__missing': nan, 'selection_features__monotone_constraints': None, 'selection_features__multi_strategy': None, 'selection_features__n_estimators': 100, 'selection_features__n_jobs': None, 'selection_features__num_parallel_tree': None, 'selection_features__random_state': 42, 'selection_features__reg_alpha': None, 'selection_features__reg_lambda': None, 'selection_features__sampling_method': None, 'selection_features__scale_pos_weight': None, 'selection_features__subsample': None, 'selection_features__tree_method': None, 'selection_features__validate_parameters': None, 'selection_features__verbosity': None, 'selection_features__max_features': 'None', 'selection_features__min_samples_split': 2}"
voting_model,548.2684577665966,529.6331491087008,0,"['cut', 'color', 'clarity', 'city', 'carat', 'depth', 'shape', 'x', 'y', 'z', 'price']","['encoding', 'drop_zeros', 'remove_outliers', 'remove_duplicates']","[('selection_features', XGBRegressor(base_score=None, booster=None, callbacks=None,
             colsample_bylevel=None, colsample_bynode=None,
             colsample_bytree=None, device=None, early_stopping_rounds=None,
             enable_categorical=False, eval_metric=None, feature_types=None,
             gamma=None, grow_policy=None, importance_type=None,
             interaction_constraints=None, learning_rate=None, max_bin=None,
             max_cat_threshold=None, max_cat_to_onehot=None,
             max_delta_step=None, max_depth=None, max_features='None',
             max_leaves=None, min_child_weight=None, min_samples_split=2,
             missing=nan, monotone_constraints=None, multi_strategy=None,
             n_estimators=100, n_jobs=None, ...)), ('extrees', ExtraTreesRegressor(n_estimators=1000, random_state=42))]","{'estimators': [('selection_features', XGBRegressor(base_score=None, booster=None, callbacks=None,
             colsample_bylevel=None, colsample_bynode=None,
             colsample_bytree=None, device=None, early_stopping_rounds=None,
             enable_categorical=False, eval_metric=None, feature_types=None,
             gamma=None, grow_policy=None, importance_type=None,
             interaction_constraints=None, learning_rate=None, max_bin=None,
             max_cat_threshold=None, max_cat_to_onehot=None,
             max_delta_step=None, max_depth=None, max_features='None',
             max_leaves=None, min_child_weight=None, min_samples_split=2,
             missing=nan, monotone_constraints=None, multi_strategy=None,
             n_estimators=100, n_jobs=None, ...)), ('extrees', ExtraTreesRegressor(n_estimators=1000, random_state=42))], 'n_jobs': -1, 'verbose': False, 'weights': None, 'selection_features': XGBRegressor(base_score=None, booster=None, callbacks=None,
             colsample_bylevel=None, colsample_bynode=None,
             colsample_bytree=None, device=None, early_stopping_rounds=None,
             enable_categorical=False, eval_metric=None, feature_types=None,
             gamma=None, grow_policy=None, importance_type=None,
             interaction_constraints=None, learning_rate=None, max_bin=None,
             max_cat_threshold=None, max_cat_to_onehot=None,
             max_delta_step=None, max_depth=None, max_features='None',
             max_leaves=None, min_child_weight=None, min_samples_split=2,
             missing=nan, monotone_constraints=None, multi_strategy=None,
             n_estimators=100, n_jobs=None, ...), 'extrees': ExtraTreesRegressor(n_estimators=1000, random_state=42), 'selection_features__objective': 'reg:squarederror', 'selection_features__base_score': None, 'selection_features__booster': None, 'selection_features__callbacks': None, 'selection_features__colsample_bylevel': None, 'selection_features__colsample_bynode': None, 'selection_features__colsample_bytree': None, 'selection_features__device': None, 'selection_features__early_stopping_rounds': None, 'selection_features__enable_categorical': False, 'selection_features__eval_metric': None, 'selection_features__feature_types': None, 'selection_features__gamma': None, 'selection_features__grow_policy': None, 'selection_features__importance_type': None, 'selection_features__interaction_constraints': None, 'selection_features__learning_rate': None, 'selection_features__max_bin': None, 'selection_features__max_cat_threshold': None, 'selection_features__max_cat_to_onehot': None, 'selection_features__max_delta_step': None, 'selection_features__max_depth': None, 'selection_features__max_leaves': None, 'selection_features__min_child_weight': None, 'selection_features__missing': nan, 'selection_features__monotone_constraints': None, 'selection_features__multi_strategy': None, 'selection_features__n_estimators': 100, 'selection_features__n_jobs': None, 'selection_features__num_parallel_tree': None, 'selection_features__random_state': 42, 'selection_features__reg_alpha': None, 'selection_features__reg_lambda': None, 'selection_features__sampling_method': None, 'selection_features__scale_pos_weight': None, 'selection_features__subsample': None, 'selection_features__tree_method': None, 'selection_features__validate_parameters': None, 'selection_features__verbosity': None, 'selection_features__max_features': 'None', 'selection_features__min_samples_split': 2, 'extrees__bootstrap': False, 'extrees__ccp_alpha': 0.0, 'extrees__criterion': 'squared_error', 'extrees__max_depth': None, 'extrees__max_features': 1.0, 'extrees__max_leaf_nodes': None, 'extrees__max_samples': None, 'extrees__min_impurity_decrease': 0.0, 'extrees__min_samples_leaf': 1, 'extrees__min_samples_split': 2, 'extrees__min_weight_fraction_leaf': 0.0, 'extrees__monotonic_cst': None, 'extrees__n_estimators': 1000, 'extrees__n_jobs': None, 'extrees__oob_score': False, 'extrees__random_state': 42, 'extrees__verbose': 0, 'extrees__warm_start': False}"
voting_model,560.8968563313808,552.1815570567046,0,"['cut', 'color', 'clarity', 'city', 'carat', 'depth', 'shape', 'x', 'y', 'z', 'price']","['encoding', 'drop_zeros', 'remove_outliers', 'remove_duplicates']","[('selection_features', XGBRegressor(base_score=None, booster=None, callbacks=None,
             colsample_bylevel=None, colsample_bynode=None, colsample_bytree=1,
             device=None, early_stopping_rounds=None, enable_categorical=False,
             eta=0.01, eval_metric=None, feature_types=None, gamma=None,
             grow_policy=None, importance_type=None,
             interaction_constraints=None, lambda=0.5, learning_rate=0.1,
             max_bin=None, max_cat_threshold=None, max_cat_to_onehot=None,
             max_delta_step=None, max_depth=None, max_features=None,
             max_leaves=None, min_child_weight=None, min_samples_leaf=1,
             min_samples_split=2, missing=nan, monotone_constraints=None, ...))]","{'estimators': [('selection_features', XGBRegressor(base_score=None, booster=None, callbacks=None,
             colsample_bylevel=None, colsample_bynode=None, colsample_bytree=1,
             device=None, early_stopping_rounds=None, enable_categorical=False,
             eta=0.01, eval_metric=None, feature_types=None, gamma=None,
             grow_policy=None, importance_type=None,
             interaction_constraints=None, lambda=0.5, learning_rate=0.1,
             max_bin=None, max_cat_threshold=None, max_cat_to_onehot=None,
             max_delta_step=None, max_depth=None, max_features=None,
             max_leaves=None, min_child_weight=None, min_samples_leaf=1,
             min_samples_split=2, missing=nan, monotone_constraints=None, ...))], 'n_jobs': -1, 'verbose': False, 'weights': None, 'selection_features': XGBRegressor(base_score=None, booster=None, callbacks=None,
             colsample_bylevel=None, colsample_bynode=None, colsample_bytree=1,
             device=None, early_stopping_rounds=None, enable_categorical=False,
             eta=0.01, eval_metric=None, feature_types=None, gamma=None,
             grow_policy=None, importance_type=None,
             interaction_constraints=None, lambda=0.5, learning_rate=0.1,
             max_bin=None, max_cat_threshold=None, max_cat_to_onehot=None,
             max_delta_step=None, max_depth=None, max_features=None,
             max_leaves=None, min_child_weight=None, min_samples_leaf=1,
             min_samples_split=2, missing=nan, monotone_constraints=None, ...), 'selection_features__objective': 'reg:squarederror', 'selection_features__base_score': None, 'selection_features__booster': None, 'selection_features__callbacks': None, 'selection_features__colsample_bylevel': None, 'selection_features__colsample_bynode': None, 'selection_features__colsample_bytree': 1, 'selection_features__device': None, 'selection_features__early_stopping_rounds': None, 'selection_features__enable_categorical': False, 'selection_features__eval_metric': None, 'selection_features__feature_types': None, 'selection_features__gamma': None, 'selection_features__grow_policy': None, 'selection_features__importance_type': None, 'selection_features__interaction_constraints': None, 'selection_features__learning_rate': 0.1, 'selection_features__max_bin': None, 'selection_features__max_cat_threshold': None, 'selection_features__max_cat_to_onehot': None, 'selection_features__max_delta_step': None, 'selection_features__max_depth': None, 'selection_features__max_leaves': None, 'selection_features__min_child_weight': None, 'selection_features__missing': nan, 'selection_features__monotone_constraints': None, 'selection_features__multi_strategy': None, 'selection_features__n_estimators': 80, 'selection_features__n_jobs': None, 'selection_features__num_parallel_tree': None, 'selection_features__random_state': None, 'selection_features__reg_alpha': None, 'selection_features__reg_lambda': None, 'selection_features__sampling_method': None, 'selection_features__scale_pos_weight': None, 'selection_features__subsample': 0.75, 'selection_features__tree_method': None, 'selection_features__validate_parameters': None, 'selection_features__verbosity': None, 'selection_features__eta': 0.01, 'selection_features__lambda': 0.5, 'selection_features__max_features': None, 'selection_features__min_samples_leaf': 1, 'selection_features__min_samples_split': 2}"
voting_model,557.9536054671202,551.2745583482745,0,"['cut', 'color', 'clarity', 'city', 'carat', 'depth', 'x', 'y', 'z', 'price']","['encoding', 'drop_zeros', 'remove_outliers', 'remove_duplicates']","[('selection_features', XGBRegressor(base_score=None, booster=None, callbacks=None,
             colsample_bylevel=None, colsample_bynode=None, colsample_bytree=1,
             device=None, early_stopping_rounds=None, enable_categorical=False,
             eta=0.01, eval_metric=None, feature_types=None, gamma=None,
             grow_policy=None, importance_type=None,
             interaction_constraints=None, lambda=0.4, learning_rate=0.1,
             max_bin=None, max_cat_threshold=None, max_cat_to_onehot=None,
             max_delta_step=None, max_depth=None, max_features=None,
             max_leaves=None, min_child_weight=None, min_samples_leaf=1,
             min_samples_split=2, missing=nan, monotone_constraints=None, ...))]","{'estimators': [('selection_features', XGBRegressor(base_score=None, booster=None, callbacks=None,
             colsample_bylevel=None, colsample_bynode=None, colsample_bytree=1,
             device=None, early_stopping_rounds=None, enable_categorical=False,
             eta=0.01, eval_metric=None, feature_types=None, gamma=None,
             grow_policy=None, importance_type=None,
             interaction_constraints=None, lambda=0.4, learning_rate=0.1,
             max_bin=None, max_cat_threshold=None, max_cat_to_onehot=None,
             max_delta_step=None, max_depth=None, max_features=None,
             max_leaves=None, min_child_weight=None, min_samples_leaf=1,
             min_samples_split=2, missing=nan, monotone_constraints=None, ...))], 'n_jobs': -1, 'verbose': False, 'weights': None, 'selection_features': XGBRegressor(base_score=None, booster=None, callbacks=None,
             colsample_bylevel=None, colsample_bynode=None, colsample_bytree=1,
             device=None, early_stopping_rounds=None, enable_categorical=False,
             eta=0.01, eval_metric=None, feature_types=None, gamma=None,
             grow_policy=None, importance_type=None,
             interaction_constraints=None, lambda=0.4, learning_rate=0.1,
             max_bin=None, max_cat_threshold=None, max_cat_to_onehot=None,
             max_delta_step=None, max_depth=None, max_features=None,
             max_leaves=None, min_child_weight=None, min_samples_leaf=1,
             min_samples_split=2, missing=nan, monotone_constraints=None, ...), 'selection_features__objective': 'reg:squarederror', 'selection_features__base_score': None, 'selection_features__booster': None, 'selection_features__callbacks': None, 'selection_features__colsample_bylevel': None, 'selection_features__colsample_bynode': None, 'selection_features__colsample_bytree': 1, 'selection_features__device': None, 'selection_features__early_stopping_rounds': None, 'selection_features__enable_categorical': False, 'selection_features__eval_metric': None, 'selection_features__feature_types': None, 'selection_features__gamma': None, 'selection_features__grow_policy': None, 'selection_features__importance_type': None, 'selection_features__interaction_constraints': None, 'selection_features__learning_rate': 0.1, 'selection_features__max_bin': None, 'selection_features__max_cat_threshold': None, 'selection_features__max_cat_to_onehot': None, 'selection_features__max_delta_step': None, 'selection_features__max_depth': None, 'selection_features__max_leaves': None, 'selection_features__min_child_weight': None, 'selection_features__missing': nan, 'selection_features__monotone_constraints': None, 'selection_features__multi_strategy': None, 'selection_features__n_estimators': 80, 'selection_features__n_jobs': None, 'selection_features__num_parallel_tree': None, 'selection_features__random_state': None, 'selection_features__reg_alpha': None, 'selection_features__reg_lambda': None, 'selection_features__sampling_method': None, 'selection_features__scale_pos_weight': None, 'selection_features__subsample': 1, 'selection_features__tree_method': None, 'selection_features__validate_parameters': None, 'selection_features__verbosity': None, 'selection_features__eta': 0.01, 'selection_features__lambda': 0.4, 'selection_features__max_features': None, 'selection_features__min_samples_leaf': 1, 'selection_features__min_samples_split': 2}"
voting_model,557.9536054671202,551.2745583482745,0,"['cut', 'color', 'clarity', 'city', 'carat', 'depth', 'x', 'y', 'z', 'price']","['encoding', 'drop_zeros', 'remove_outliers', 'remove_duplicates']","[('selection_features', XGBRegressor(base_score=None, booster=None, callbacks=None,
             colsample_bylevel=None, colsample_bynode=None, colsample_bytree=1,
             device=None, early_stopping_rounds=None, enable_categorical=False,
             eta=0.01, eval_metric=None, feature_types=None, gamma=None,
             grow_policy=None, importance_type=None,
             interaction_constraints=None, lambda=0.4, learning_rate=0.1,
             max_bin=None, max_cat_threshold=None, max_cat_to_onehot=None,
             max_delta_step=None, max_depth=None, max_features=None,
             max_leaves=None, min_child_weight=None, min_samples_leaf=1,
             min_samples_split=2, missing=nan, monotone_constraints=None, ...))]","{'objective': 'reg:squarederror', 'base_score': None, 'booster': None, 'callbacks': None, 'colsample_bylevel': None, 'colsample_bynode': None, 'colsample_bytree': 1, 'device': None, 'early_stopping_rounds': None, 'enable_categorical': False, 'eval_metric': None, 'feature_types': None, 'gamma': None, 'grow_policy': None, 'importance_type': None, 'interaction_constraints': None, 'learning_rate': 0.1, 'max_bin': None, 'max_cat_threshold': None, 'max_cat_to_onehot': None, 'max_delta_step': None, 'max_depth': None, 'max_leaves': None, 'min_child_weight': None, 'missing': nan, 'monotone_constraints': None, 'multi_strategy': None, 'n_estimators': 80, 'n_jobs': None, 'num_parallel_tree': None, 'random_state': None, 'reg_alpha': None, 'reg_lambda': None, 'sampling_method': None, 'scale_pos_weight': None, 'subsample': 1, 'tree_method': None, 'validate_parameters': None, 'verbosity': None, 'eta': 0.01, 'lambda': 0.4, 'max_features': None, 'min_samples_leaf': 1, 'min_samples_split': 2}"
voting_model,557.9536054671202,551.2745583482745,0,"['cut', 'color', 'clarity', 'city', 'carat', 'depth', 'x', 'y', 'z', 'price']","['encoding', 'drop_zeros', 'remove_outliers', 'remove_duplicates']","[('selection_features', XGBRegressor(base_score=None, booster=None, callbacks=None,
             colsample_bylevel=None, colsample_bynode=None, colsample_bytree=1,
             device=None, early_stopping_rounds=None, enable_categorical=False,
             eta=0.01, eval_metric=None, feature_types=None, gamma=None,
             grow_policy=None, importance_type=None,
             interaction_constraints=None, lambda=0.4, learning_rate=0.1,
             max_bin=None, max_cat_threshold=None, max_cat_to_onehot=None,
             max_delta_step=None, max_depth=None, max_features=None,
             max_leaves=None, min_child_weight=None, min_samples_leaf=1,
             min_samples_split=2, missing=nan, monotone_constraints=None, ...))]","{'objective': 'reg:squarederror', 'base_score': None, 'booster': None, 'callbacks': None, 'colsample_bylevel': None, 'colsample_bynode': None, 'colsample_bytree': 1, 'device': None, 'early_stopping_rounds': None, 'enable_categorical': False, 'eval_metric': None, 'feature_types': None, 'gamma': None, 'grow_policy': None, 'importance_type': None, 'interaction_constraints': None, 'learning_rate': 0.1, 'max_bin': None, 'max_cat_threshold': None, 'max_cat_to_onehot': None, 'max_delta_step': None, 'max_depth': None, 'max_leaves': None, 'min_child_weight': None, 'missing': nan, 'monotone_constraints': None, 'multi_strategy': None, 'n_estimators': 80, 'n_jobs': None, 'num_parallel_tree': None, 'random_state': None, 'reg_alpha': None, 'reg_lambda': None, 'sampling_method': None, 'scale_pos_weight': None, 'subsample': 1, 'tree_method': None, 'validate_parameters': None, 'verbosity': None, 'eta': 0.01, 'lambda': 0.4, 'max_features': None, 'min_samples_leaf': 1, 'min_samples_split': 2}"
voting_model,557.9536054671202,551.2745583482745,0,"['cut', 'color', 'clarity', 'city', 'carat', 'depth', 'x', 'y', 'z', 'price']","['encoding', 'drop_zeros', 'remove_outliers', 'remove_duplicates']","[('selection_features', XGBRegressor(base_score=None, booster=None, callbacks=None,
             colsample_bylevel=None, colsample_bynode=None, colsample_bytree=1,
             device=None, early_stopping_rounds=None, enable_categorical=False,
             eta=0.01, eval_metric=None, feature_types=None, gamma=None,
             grow_policy=None, importance_type=None,
             interaction_constraints=None, lambda=0.4, learning_rate=0.1,
             max_bin=None, max_cat_threshold=None, max_cat_to_onehot=None,
             max_delta_step=None, max_depth=None, max_features=None,
             max_leaves=None, min_child_weight=None, min_samples_leaf=1,
             min_samples_split=2, missing=nan, monotone_constraints=None, ...))]","{'objective': 'reg:squarederror', 'base_score': None, 'booster': None, 'callbacks': None, 'colsample_bylevel': None, 'colsample_bynode': None, 'colsample_bytree': 1, 'device': None, 'early_stopping_rounds': None, 'enable_categorical': False, 'eval_metric': None, 'feature_types': None, 'gamma': None, 'grow_policy': None, 'importance_type': None, 'interaction_constraints': None, 'learning_rate': 0.1, 'max_bin': None, 'max_cat_threshold': None, 'max_cat_to_onehot': None, 'max_delta_step': None, 'max_depth': None, 'max_leaves': None, 'min_child_weight': None, 'missing': nan, 'monotone_constraints': None, 'multi_strategy': None, 'n_estimators': 80, 'n_jobs': None, 'num_parallel_tree': None, 'random_state': None, 'reg_alpha': None, 'reg_lambda': None, 'sampling_method': None, 'scale_pos_weight': None, 'subsample': 1, 'tree_method': None, 'validate_parameters': None, 'verbosity': None, 'eta': 0.01, 'lambda': 0.4, 'max_features': None, 'min_samples_leaf': 1, 'min_samples_split': 2}"
voting_model,550.1743068785072,538.5796443480845,0,"['cut', 'color', 'clarity', 'city', 'carat', 'depth', 'x', 'y', 'z', 'price']","['encoding', 'drop_zeros', 'remove_outliers', 'remove_duplicates']","[('selection_features', XGBRegressor(base_score=None, booster=None, callbacks=None,
             colsample_bylevel=None, colsample_bynode=None,
             colsample_bytree=0.95, device=None, early_stopping_rounds=None,
             enable_categorical=False, eval_metric=None, feature_types=None,
             gamma=0.14, grow_policy=None, importance_type=None,
             interaction_constraints=None, learning_rate=0.012, max_bin=None,
             max_cat_threshold=None, max_cat_to_onehot=None,
             max_delta_step=None, max_depth=7, max_leaves=None,
             min_child_weight=None, missing=inf, monotone_constraints=None,
             multi_strategy=None, n_estimators=1130, n_jobs=None,
             num_parallel_tree=None, random_state=None, ...))]","{'objective': 'reg:squarederror', 'base_score': None, 'booster': None, 'callbacks': None, 'colsample_bylevel': None, 'colsample_bynode': None, 'colsample_bytree': 0.95, 'device': None, 'early_stopping_rounds': None, 'enable_categorical': False, 'eval_metric': None, 'feature_types': None, 'gamma': 0.14, 'grow_policy': None, 'importance_type': None, 'interaction_constraints': None, 'learning_rate': 0.012, 'max_bin': None, 'max_cat_threshold': None, 'max_cat_to_onehot': None, 'max_delta_step': None, 'max_depth': 7, 'max_leaves': None, 'min_child_weight': None, 'missing': inf, 'monotone_constraints': None, 'multi_strategy': None, 'n_estimators': 1130, 'n_jobs': None, 'num_parallel_tree': None, 'random_state': None, 'reg_alpha': None, 'reg_lambda': None, 'sampling_method': None, 'scale_pos_weight': None, 'subsample': 0.8, 'tree_method': None, 'validate_parameters': None, 'verbosity': None}"
voting_model,550.1743068785072,538.5796443480845,0,"['cut', 'color', 'clarity', 'city', 'carat', 'depth', 'x', 'y', 'z', 'price']","['encoding', 'drop_zeros', 'remove_outliers', 'remove_duplicates']","[('selection_features', XGBRegressor(base_score=None, booster=None, callbacks=None,
             colsample_bylevel=None, colsample_bynode=None,
             colsample_bytree=0.95, device=None, early_stopping_rounds=None,
             enable_categorical=False, eval_metric=None, feature_types=None,
             gamma=0.14, grow_policy=None, importance_type=None,
             interaction_constraints=None, learning_rate=0.012, max_bin=None,
             max_cat_threshold=None, max_cat_to_onehot=None,
             max_delta_step=None, max_depth=7, max_leaves=None,
             min_child_weight=None, missing=inf, monotone_constraints=None,
             multi_strategy=None, n_estimators=1130, n_jobs=None,
             num_parallel_tree=None, random_state=None, ...))]","{'objective': 'reg:squarederror', 'base_score': None, 'booster': None, 'callbacks': None, 'colsample_bylevel': None, 'colsample_bynode': None, 'colsample_bytree': 0.95, 'device': None, 'early_stopping_rounds': None, 'enable_categorical': False, 'eval_metric': None, 'feature_types': None, 'gamma': 0.14, 'grow_policy': None, 'importance_type': None, 'interaction_constraints': None, 'learning_rate': 0.012, 'max_bin': None, 'max_cat_threshold': None, 'max_cat_to_onehot': None, 'max_delta_step': None, 'max_depth': 7, 'max_leaves': None, 'min_child_weight': None, 'missing': inf, 'monotone_constraints': None, 'multi_strategy': None, 'n_estimators': 1130, 'n_jobs': None, 'num_parallel_tree': None, 'random_state': None, 'reg_alpha': None, 'reg_lambda': None, 'sampling_method': None, 'scale_pos_weight': None, 'subsample': 0.8, 'tree_method': None, 'validate_parameters': None, 'verbosity': None}"
voting_model,546.4445591754571,532.8998591437913,0,"['cut', 'color', 'clarity', 'city', 'carat', 'depth', 'shape', 'x', 'y', 'z', 'price']","['encoding', 'drop_zeros']","[('selection_features', XGBRegressor(base_score=None, booster=None, callbacks=None,
             colsample_bylevel=None, colsample_bynode=None,
             colsample_bytree=0.95, device=None, early_stopping_rounds=None,
             enable_categorical=False, eval_metric=None, feature_types=None,
             gamma=0.14, grow_policy=None, importance_type=None,
             interaction_constraints=None, learning_rate=0.012, max_bin=None,
             max_cat_threshold=None, max_cat_to_onehot=None,
             max_delta_step=None, max_depth=7, max_leaves=None,
             min_child_weight=None, missing=inf, monotone_constraints=None,
             multi_strategy=None, n_estimators=1130, n_jobs=None,
             num_parallel_tree=None, random_state=None, ...))]","{'objective': 'reg:squarederror', 'base_score': None, 'booster': None, 'callbacks': None, 'colsample_bylevel': None, 'colsample_bynode': None, 'colsample_bytree': 0.95, 'device': None, 'early_stopping_rounds': None, 'enable_categorical': False, 'eval_metric': None, 'feature_types': None, 'gamma': 0.14, 'grow_policy': None, 'importance_type': None, 'interaction_constraints': None, 'learning_rate': 0.012, 'max_bin': None, 'max_cat_threshold': None, 'max_cat_to_onehot': None, 'max_delta_step': None, 'max_depth': 7, 'max_leaves': None, 'min_child_weight': None, 'missing': inf, 'monotone_constraints': None, 'multi_strategy': None, 'n_estimators': 1130, 'n_jobs': None, 'num_parallel_tree': None, 'random_state': None, 'reg_alpha': None, 'reg_lambda': None, 'sampling_method': None, 'scale_pos_weight': None, 'subsample': 0.8, 'tree_method': None, 'validate_parameters': None, 'verbosity': None}"
voting_model,546.4445591754571,532.8998591437913,0,"['cut', 'color', 'clarity', 'city', 'carat', 'depth', 'shape', 'x', 'y', 'z', 'price']","['encoding', 'drop_zeros']","[('selection_features', XGBRegressor(base_score=None, booster=None, callbacks=None,
             colsample_bylevel=None, colsample_bynode=None,
             colsample_bytree=0.95, device=None, early_stopping_rounds=None,
             enable_categorical=False, eval_metric=None, feature_types=None,
             gamma=0.14, grow_policy=None, importance_type=None,
             interaction_constraints=None, learning_rate=0.012, max_bin=None,
             max_cat_threshold=None, max_cat_to_onehot=None,
             max_delta_step=None, max_depth=7, max_leaves=None,
             min_child_weight=None, missing=inf, monotone_constraints=None,
             multi_strategy=None, n_estimators=1130, n_jobs=None,
             num_parallel_tree=None, random_state=None, ...))]","{'objective': 'reg:squarederror', 'base_score': None, 'booster': None, 'callbacks': None, 'colsample_bylevel': None, 'colsample_bynode': None, 'colsample_bytree': 0.95, 'device': None, 'early_stopping_rounds': None, 'enable_categorical': False, 'eval_metric': None, 'feature_types': None, 'gamma': 0.14, 'grow_policy': None, 'importance_type': None, 'interaction_constraints': None, 'learning_rate': 0.012, 'max_bin': None, 'max_cat_threshold': None, 'max_cat_to_onehot': None, 'max_delta_step': None, 'max_depth': 7, 'max_leaves': None, 'min_child_weight': None, 'missing': inf, 'monotone_constraints': None, 'multi_strategy': None, 'n_estimators': 1130, 'n_jobs': None, 'num_parallel_tree': None, 'random_state': None, 'reg_alpha': None, 'reg_lambda': None, 'sampling_method': None, 'scale_pos_weight': None, 'subsample': 0.8, 'tree_method': None, 'validate_parameters': None, 'verbosity': None}"
voting_model,535.62763965303,558.884372110168,0,"['cut', 'color', 'clarity', 'city', 'carat', 'depth', 'shape', 'x', 'y', 'z', 'price']","['encoding', 'drop_zeros']","[('selection_features', XGBRegressor(base_score=None, booster=None, callbacks=None,
             colsample_bylevel=None, colsample_bynode=None,
             colsample_bytree=0.95, device=None, early_stopping_rounds=None,
             enable_categorical=False, eval_metric=None, feature_types=None,
             gamma=0.14, grow_policy=None, importance_type=None,
             interaction_constraints=None, learning_rate=0.012, max_bin=None,
             max_cat_threshold=None, max_cat_to_onehot=None,
             max_delta_step=None, max_depth=7, max_leaves=None,
             min_child_weight=None, missing=inf, monotone_constraints=None,
             multi_strategy=None, n_estimators=1130, n_jobs=None,
             num_parallel_tree=None, random_state=None, ...))]","{'objective': 'reg:squarederror', 'base_score': None, 'booster': None, 'callbacks': None, 'colsample_bylevel': None, 'colsample_bynode': None, 'colsample_bytree': 0.95, 'device': None, 'early_stopping_rounds': None, 'enable_categorical': False, 'eval_metric': None, 'feature_types': None, 'gamma': 0.14, 'grow_policy': None, 'importance_type': None, 'interaction_constraints': None, 'learning_rate': 0.012, 'max_bin': None, 'max_cat_threshold': None, 'max_cat_to_onehot': None, 'max_delta_step': None, 'max_depth': 7, 'max_leaves': None, 'min_child_weight': None, 'missing': inf, 'monotone_constraints': None, 'multi_strategy': None, 'n_estimators': 1130, 'n_jobs': None, 'num_parallel_tree': None, 'random_state': None, 'reg_alpha': None, 'reg_lambda': None, 'sampling_method': None, 'scale_pos_weight': None, 'subsample': 0.8, 'tree_method': None, 'validate_parameters': None, 'verbosity': None}"
voting_model,535.7289571583857,560.591613554103,0,"['cut', 'color', 'clarity', 'city', 'carat', 'depth', 'shape', 'x', 'y', 'z', 'price']","['encoding', 'drop_zeros']","[('selection_features', XGBRegressor(base_score=None, booster=None, callbacks=None,
             colsample_bylevel=None, colsample_bynode=None,
             colsample_bytree=0.95, device=None, early_stopping_rounds=None,
             enable_categorical=False, eval_metric=None, feature_types=None,
             gamma=0.14, grow_policy=None, importance_type=None,
             interaction_constraints=None, learning_rate=0.012, max_bin=None,
             max_cat_threshold=None, max_cat_to_onehot=None,
             max_delta_step=None, max_depth=7, max_leaves=None,
             min_child_weight=None, missing=inf, monotone_constraints=None,
             multi_strategy=None, n_estimators=1130, n_jobs=None,
             num_parallel_tree=None, random_state=None, ...))]","{'objective': 'reg:squarederror', 'base_score': None, 'booster': None, 'callbacks': None, 'colsample_bylevel': None, 'colsample_bynode': None, 'colsample_bytree': 0.95, 'device': None, 'early_stopping_rounds': None, 'enable_categorical': False, 'eval_metric': None, 'feature_types': None, 'gamma': 0.14, 'grow_policy': None, 'importance_type': None, 'interaction_constraints': None, 'learning_rate': 0.012, 'max_bin': None, 'max_cat_threshold': None, 'max_cat_to_onehot': None, 'max_delta_step': None, 'max_depth': 7, 'max_leaves': None, 'min_child_weight': None, 'missing': inf, 'monotone_constraints': None, 'multi_strategy': None, 'n_estimators': 1130, 'n_jobs': None, 'num_parallel_tree': None, 'random_state': None, 'reg_alpha': None, 'reg_lambda': None, 'sampling_method': None, 'scale_pos_weight': None, 'subsample': 0.8, 'tree_method': None, 'validate_parameters': None, 'verbosity': None}"
voting_model,535.7289571583857,560.591613554103,0,"['cut', 'color', 'clarity', 'city', 'carat', 'depth', 'shape', 'x', 'y', 'z', 'price']","['encoding', 'drop_zeros']","[('selection_features', XGBRegressor(base_score=None, booster=None, callbacks=None,
             colsample_bylevel=None, colsample_bynode=None,
             colsample_bytree=0.95, device=None, early_stopping_rounds=None,
             enable_categorical=False, eval_metric=None, feature_types=None,
             gamma=0.14, grow_policy=None, importance_type=None,
             interaction_constraints=None, learning_rate=0.012, max_bin=None,
             max_cat_threshold=None, max_cat_to_onehot=None,
             max_delta_step=None, max_depth=7, max_leaves=None,
             min_child_weight=None, missing=inf, monotone_constraints=None,
             multi_strategy=None, n_estimators=1130, n_jobs=None,
             num_parallel_tree=None, random_state=None, ...))]","{'objective': 'reg:squarederror', 'base_score': None, 'booster': None, 'callbacks': None, 'colsample_bylevel': None, 'colsample_bynode': None, 'colsample_bytree': 0.95, 'device': None, 'early_stopping_rounds': None, 'enable_categorical': False, 'eval_metric': None, 'feature_types': None, 'gamma': 0.14, 'grow_policy': None, 'importance_type': None, 'interaction_constraints': None, 'learning_rate': 0.012, 'max_bin': None, 'max_cat_threshold': None, 'max_cat_to_onehot': None, 'max_delta_step': None, 'max_depth': 7, 'max_leaves': None, 'min_child_weight': None, 'missing': inf, 'monotone_constraints': None, 'multi_strategy': None, 'n_estimators': 1130, 'n_jobs': None, 'num_parallel_tree': None, 'random_state': None, 'reg_alpha': None, 'reg_lambda': None, 'sampling_method': None, 'scale_pos_weight': None, 'subsample': 0.8, 'tree_method': None, 'validate_parameters': None, 'verbosity': None}"
